date,Extremely Loud & Incredibly Close,Albert Nobbs,The Help,The Girl with the Dragon Tattoo,The Iron Lady,Bridesmaids,Kung Fu Panda 2,Puss in Boots,Rango,Hugo,Midnight in Paris,War Horse,The Tree of Life,Anonymous,Jane Eyre,W.E.,Hell and Back Again,Paradise Lost 3: Purgatory,Pina,Undefeated,Incident in New Baghdad,Bullhead,Footnote,In Darkness,A Separation,The Adventures of Tintin,The Muppets,Rio,Wild Life,Pentecost,Raju,The Shore,Time Freak,Drive,Transformers: Dark of the Moon,Real Steel,Rise of the Planet of the Apes,The Ides of March,Margin Call,Silver Linings Playbook,The Master,Flight,Argo,Django Unchained
2011-02-02,,,,,,,,,,,,,,,,,,,,,,62.0,,,,,,,,,,,,,,,,,,,,,,
2011-02-03,,,,,,,,,,,,,,,,,,,,,,82.0,,,,,,,,,,,,,,,,,,,,,,
2011-02-04,,,,,,,,,,,,,,,,,,,,,,76.0,,,,,,,,,,,,,,,,,,,,,,
2011-02-05,,,,,,,,,,,,,,,,,,,,,,41.0,,,,,,,,,,,,,,,,,,,,,,
2011-02-06,,,,,,,,,,,,,,,,,,,,,,52.0,,,,,,,,,,,,,,,,,,,,,,
2011-02-07,,,,,,,,,,,,,,,,,,,,,,74.0,,,,,,,,,,,,,,,,,,,,,,
2011-02-08,,,,,,,,,,,,,,,,,,,,,,65.0,,,,,,,,,,,,,,,,,,,,,,
2011-02-09,,,,,,,,,,,,,,,,,,,,,,74.0,,,,,,,,,,,,,,,,,,,,,,
2011-02-10,,,,,,,,,,,,,,,,,,,,,,33.0,,,,,,,23.0,73.0,,22.0,0.0,,,,,,,,,,,
2011-02-11,,,,,,,,,,,,,,,,,,,,,,61.0,,,,,,,64.0,15.0,,68.0,53.0,,,,,,35.0,,,,,
2011-02-12,,,,,,,,,,,,,,,,,,,,,,54.0,,,,,,,58.0,0.0,,50.0,65.0,,,,,,86.0,,,,,
2011-02-13,,,,,,,,,,,,,,,,,,,,,,22.0,,,,,,,20.0,39.0,,55.0,67.0,,,,,,0.0,,,,,
2011-02-14,,,,,,,,,,,,,,,,,,,,,,59.0,,,,,,,53.0,59.0,,21.0,0.0,,,,,,0.0,,,,,
2011-02-15,,,,,,,,,,,,,,,,,,,,,,100.0,,,,,,,46.0,88.0,,30.0,0.0,,,,,,100.0,,,,,
2011-02-16,,,,,,,,,,,,,,,,,,,,,,83.0,,,,,,,52.0,43.0,,21.0,0.0,,,,,,33.0,,,,,
2011-02-17,,,,,,,,,,,,,,,,,,,,,,84.0,,,,,,,100.0,45.0,,26.0,51.0,,,,,,67.0,,,,,
2011-02-18,,,,,,,,,,,,,,,,,,,,,,26.0,,,,,,,64.0,62.0,,55.0,53.0,,,,,,69.0,,,,,
2011-02-19,,,,,,,,,,,,,,,,,,,,,,21.0,,,,,,,68.0,75.0,,46.0,0.0,,,,,,86.0,,,,,
2011-02-20,,,,,,,,,,,,,,,,,,,,,,22.0,,,,,,,50.0,19.0,,28.0,67.0,,,,,,0.0,,,,,
2011-02-21,,,,,,,,,,,,,,,,,,,,,,53.0,,,,,,,72.0,46.0,,27.0,0.0,,,,,,35.0,,,,,
2011-02-22,,,,,,,,,,,,,,,,,,,,,,58.0,,,,,,,75.0,15.0,,35.0,0.0,,,,,,0.0,,,,,
2011-02-23,,,,,,,,,,,,,,,,,,,,,,82.0,,,,,,,75.0,15.0,,22.0,0.0,,,,,,33.0,,,,,
2011-02-24,,,,,,,,,,,,,,,,,,,36.0,,,91.0,,,,,,,38.0,15.0,,28.0,0.0,,,,,,0.0,,,,,
2011-02-25,,,,,,,,,,,,,,,,,,,69.0,,,60.0,,,,,,,61.0,30.0,,45.0,0.0,,,,,,34.0,,,,,
2011-02-26,,,,,,,,,,,,,,,,,,,76.0,,,32.0,,,,,,,58.0,37.0,,35.0,0.0,,,,,,42.0,,,,,
2011-02-27,,,,,,,,,,,,,,,,,,,64.0,,,21.0,,,,,,,58.0,75.0,,42.0,65.0,,,,,,0.0,,,,,
2011-02-28,,,,,,,,,,,,,,,,,,,48.0,,,57.0,,,,,,,37.0,57.0,,32.0,50.0,,,,,,0.0,,,,,
2011-03-01,,,,,,,,,,,,,,,,,,,49.0,,,98.0,,,,,,,44.0,57.0,,32.0,0.0,,,,,,0.0,,,,,
2011-03-02,,,,,,,,,17.0,,,,,,,,,,45.0,,,82.0,,,,,,,67.0,58.0,,19.0,0.0,,,,,,0.0,,,,,
2011-03-03,,,,,,,,,23.0,,,,,,,,,,36.0,,,,,,,,,,61.0,74.0,,30.0,0.0,,,,,,33.0,,,,,
2011-03-04,,,,,,,,,52.0,,,,,,,,,,55.0,,,,,,,,,,39.0,60.0,,100.0,0.0,,,,,,34.0,,,,,
2011-03-05,,,,,,,,,95.0,,,,,,,,,,63.0,,,,,,,,,,48.0,38.0,,65.0,0.0,,,,,,43.0,,,,,
2011-03-06,,,,,,,,,100.0,,,,,,,,,,63.0,,,,,,,,,,57.0,73.0,,50.0,0.0,,,,,,0.0,,,,,
2011-03-07,,,,,,,,,45.0,,,,,,,,,,59.0,,,,,,,,,,44.0,14.0,,30.0,49.0,,,,,,0.0,,,,,
2011-03-08,,,,,,,,,26.0,,,,,,,,,,63.0,,,,,,,,,,67.0,29.0,,28.0,100.0,,,,,,65.0,,,,,
2011-03-09,,,,,,,,,25.0,,,,,,,,,,40.0,,,,,,,,,,74.0,100.0,,20.0,0.0,,,,,,65.0,,,,,
2011-03-10,,,,,,,,,31.0,,,,,,,,,,58.0,,,,,,,,,,90.0,72.0,,36.0,50.0,,,,,,0.0,,,,,
2011-03-11,,,,,,,,,32.0,,,,,,72.0,,,,45.0,,,,,,,,,,,,,,,,,,,,0.0,,,,,
2011-03-12,,,,,,,,,66.0,,,,,,100.0,,,,69.0,,,,,,,,,,,,,,,,,,,,,,,,,
2011-03-13,,,,,,,,,53.0,,,,,,45.0,,,,64.0,38.0,,,,,,,,,,,,,,,,,,,,,,,,
2011-03-14,,,,,,,,,24.0,,,,,,52.0,,,,61.0,71.0,,,,,,,,,,,,,,,,,,,,,,,,
2011-03-15,,,,,,,,,29.0,,,,,,27.0,,,,61.0,19.0,,,,,83.0,,,,,,,,,,,,,,,,,,,
2011-03-16,,,,,,,,,17.0,,,,,,31.0,,,,59.0,27.0,,,,,11.0,,,,,,,,,,,,,,,,,,,
2011-03-17,,,,,,,,,21.0,,,,,,36.0,,,,37.0,75.0,,,,,35.0,,,,,,,,,,,,,,,,,,,
2011-03-18,,,,,,,,,28.0,,,,,,53.0,,,,68.0,20.0,,,,,37.0,,,,,,,,,,,,,,,,,,,
2011-03-19,,,,,,,,,37.0,,,,,,47.0,,,,76.0,47.0,,,,,15.0,,,,,,,,,,,,,,,,,,,
2011-03-20,,,,,,,,,50.0,,,,,,45.0,,,,100.0,47.0,,,,,58.0,,,,,,,,,,,,,,,,,,,
2011-03-21,,,,,,,,,18.0,,,,,,39.0,,,,93.0,27.0,,,,,100.0,,,,,,,,,,,,,,,,,,,
2011-03-22,,,,,,,,,13.0,,,,,,46.0,,,,75.0,36.0,,,,,78.0,,,,,,,,,,,,,,,,,,,
2011-03-23,,,,,,,,,12.0,,,,,,44.0,,,,65.0,18.0,,,,,77.0,,,,,,,,,,,,,,,,,,,
2011-03-24,,,,,,,,,13.0,,,,,,56.0,,,,63.0,18.0,,,,,22.0,,,,,,,,,,,,,,,,,,,
2011-03-25,,,,,,,,,18.0,,,,,,68.0,,,,,94.0,,,,,47.0,,,,,,,,,,,,,,,,,,,
2011-03-26,,,,,,,,,30.0,,,,,,65.0,,,,,35.0,,,,,43.0,,,,,,,,,,,,,,,,,,,
2011-03-27,,,,,,,,,26.0,,,,,,48.0,,,,,34.0,,,,,71.0,,,,,,,,,,,,,,,,,,,
2011-03-28,,,,,,,,,14.0,,,,,,50.0,,,,,36.0,,,,,33.0,,,,,,,,,,,,,,,,,,,
2011-03-29,,,,,,,,,10.0,,,,,,26.0,,,,,18.0,,,,,88.0,,,,,,,,,,,,,,,,,,,
2011-03-30,,,,,,,,,10.0,,,,,,41.0,,,,,0.0,,,,,55.0,,,,,,,,,,,,,,,,,,,
2011-03-31,,,,,,,,,10.0,,,,,,45.0,,,,,27.0,,,,,79.0,,,,,,,,,,,,,,,,,,,
2011-04-01,,,,,,,,,11.0,,,,,,55.0,,,,,0.0,,,,,59.0,,,,,,,,,,,,,,,,,,,
2011-04-02,,,,,,,,,15.0,,,,,,76.0,,,,,36.0,,,,,60.0,,,,,,,,,,,,,,,,,,,
2011-04-03,,,,,,,,,,,,,,,73.0,,,,,36.0,,,,,44.0,,,51.0,,,,,,,,,,,,,,,,
2011-04-04,,,,,,,,,,,,,,,50.0,,,,,36.0,,,,,33.0,,,47.0,,,,,,,,,,,,,,,,
2011-04-05,,,,,,,,,,,,,,,42.0,,,,,35.0,,,,,55.0,,,47.0,,,,,,,,,,,,,,,,
2011-04-06,,,,,,,,,,,,,,,32.0,,,,,18.0,,,,,56.0,,,43.0,,,,,,,,,,,,,,,,
2011-04-07,,,,,,,,,,,,,,,45.0,,,,,100.0,,,,,57.0,,,53.0,,,,,,,,,,,,,,,,
2011-04-08,,,,,,,,,,,,,,,57.0,,,,,37.0,,,,,58.0,,,59.0,,,,,,,,,,,,,,,,
2011-04-09,,,,,,,,,,,,,,,65.0,,,,,72.0,,,,,29.0,,,60.0,,,,,,,,,,,,,,,,
2011-04-10,,,,,,,,,,,,,,,68.0,,,,,24.0,,,,,59.0,,,56.0,,,,,,,,,,,,,,,,
2011-04-11,,,,,,,,,,,,,,,34.0,,,,,27.0,,,,,44.0,,,51.0,,,,,,,,,,,,,,,,
2011-04-12,,,,,,,,,,,,,,,,,,,,44.0,,,,,44.0,,,47.0,,,,,,,,,,,,,,,,
2011-04-13,,,,,,,,,,,,,,,,,,,,27.0,,,,,33.0,,,47.0,,,,,,,,,,,,,,,,
2011-04-14,,,,,,,,,,,,,,,,,,,,,,,,,56.0,,,55.0,,,,,,,,,,,,,,,,
2011-04-15,,,,,,,,,,,,,,,,,,,,,,,,,12.0,,,70.0,,,,,,,,,,,,,,,,
2011-04-16,,,,,,,,,,,,,,,,,,,,,,,,,,,,100.0,,,,,,,,,,,,,,,,
2011-04-17,,,,,,,,,,,,,,,,,,,,,,,,,,,,89.0,,,,,,,,,,,,,,,,
2011-04-18,,,,,,,,,,,,,,,,,,,,,,,,,,,,65.0,,,,,,,,,,,,,,,,
2011-04-19,,,,,,,,,,,,,,,,,,,,,,,,,,,,57.0,,,,,,,,,,,,,,,,
2011-04-20,,,,,,,,,,,,,,,,,,,,,,,,,,,,55.0,,,,,,,,,,,,,,,,
2011-04-21,,,,,,,,,,,,,,,,,,,,,,,,,,,,52.0,,,,,,,,,,,,,,,,
2011-04-22,,,,,,,,,,,,,,,,,,,,,,,,,,,,64.0,,,,,,,,,,,,,,,,
2011-04-23,,,,,,,,,,,,,,,,,,,,,,,,,,,,62.0,,,,,,,,,,,,,,,,
2011-04-24,,,,,,,,,,,,,,,,,,,,,0.0,,,,,,,71.0,,,,,,,,,,,,,,,,
2011-04-25,,,,,,,,,,,,,,,,,,,,,0.0,,,,,,,58.0,,,,,,,,,,,,,,,,
2011-04-26,,,,,,,,,,,,,,,,,,,,,100.0,,,,,,,47.0,,,,,,,,,,,,,,,,
2011-04-27,,,,,,,,,,,,,,,,,,,,,0.0,,,,,,,49.0,,,,,,,,,,,,,,,,
2011-04-28,,,,,,,,,,,,,,,,,,,,,0.0,,,,,,,42.0,,,,,,,,,,,,,,,,
2011-04-29,,,,,,,,,,,,,,,,,,,,,0.0,,,,,,,49.0,,,,,,,,,,,,,,,,
2011-04-30,,,,,,,,,,,,,,,,,,,,,0.0,,,,,,,60.0,,,,,,,,,,,,,,,,
2011-05-01,,,,,,,,,,,,,,,,,,,,,0.0,,,,,,,61.0,,,,,,,,,,,,,,,,
2011-05-02,,,,,,,,,,,,,,,,,,,,,0.0,,,,,,,42.0,,,,,,,,,,,,,,,,
2011-05-03,,,,,,,,,,,,,,,,,,,,,0.0,,,,,,,45.0,,,,,,,,,,,,,,,,
2011-05-04,,,,,,,,,,,,,,,,,,,,,0.0,,,,,,,,,,,,,,,,,,,,,,,
2011-05-05,,,,,,,,,,,,,,,,,,,,,0.0,,,,,,,,,,,,,,,,,,,,,,,
2011-05-06,,,,,,,,,,,,,,,,,,,,,0.0,,,,,,,,,,,,,,,,,,,,,,,
2011-05-07,,,,,,,,,,,,,,,,,,,,,0.0,,,,,,,,,,,,,,,,,,,,,,,
2011-05-08,,,,,,,,,,,,,,,,,,,,,0.0,,,,,,,,,,,,,,,,,,,,,,,
2011-05-09,,,,,,,,,,,,,,,,,,,,,0.0,,,,,,,,,,,,,,,,,,,,,,,
2011-05-10,,,,,,,,,,,,,,,,,,,,,0.0,,,,,,,,,,,,,,,,,,,,,,,
2011-05-11,,,,,,,,,,,9.0,,,,,,,,,,0.0,,,,,,,,,,,,,,,,,,,,,,,
2011-05-12,,,,,,,,,,,12.0,,,,,,,,,,0.0,,,,,,,,,,,,,,,,,,,,,,,
2011-05-13,,,,,,61.0,,,,,9.0,,,,,,,,,,0.0,,,,,,,,,,,,,,,,,,,,,,,
2011-05-14,,,,,,96.0,,,,,5.0,,,,,,,,,,0.0,,,,,,,,,,,,,,,,,,,,,,,
2011-05-15,,,,,,100.0,,,,,8.0,,,,,,,,,,0.0,,,,,,,,,,,,,,,,,,,,,,,
2011-05-16,,,,,,65.0,,,,,5.0,,,,,,,,,,0.0,,,,,,,,,,,,,,,,,,,,,,,
2011-05-17,,,,,,41.0,,,,,9.0,,40.0,,,,,,,,0.0,,,,,,,,,,,,,,,,,,,,,,,
2011-05-18,,,,,,37.0,,,,,12.0,,39.0,,,,,,,,0.0,,,,,,,,,,,,,,,,,,,,,,,
2011-05-19,,,,,,36.0,,,,,14.0,,17.0,,,,,,,,0.0,,,,,,,,,,,,,,,,,,,,,,,
2011-05-20,,,,,,44.0,,,,,31.0,,17.0,,,,,,,,0.0,,,,,,,,,,,,,,,,,,,,,,,
2011-05-21,,,,,,59.0,,,,,31.0,,28.0,,,,,,,,0.0,,,,,,,,,,,,,,,,,,,,,,,
2011-05-22,,,,,,70.0,,,,,45.0,,66.0,,,,,,,,0.0,,,,,,,,,,,,,,,,,,,,,,,
2011-05-23,,,,,,45.0,,,,,22.0,,89.0,,,,,,,,0.0,,,,,,,,,,,,,,,,,,,,,,,
2011-05-24,,,,,,31.0,,,,,11.0,,38.0,,,,,,,,0.0,,,,,,,,,,,,,,,,,,,,,,,
2011-05-25,,,,,,28.0,28.0,,,,14.0,,31.0,,,,,,,,,,47.0,,,,,,,,,,,,,,,,,,,,,
2011-05-26,,,,,,30.0,54.0,,,,9.0,,56.0,,,,,,,,,,49.0,,,,,,,,,,,,,,,,,,,,,
2011-05-27,,,,,,36.0,70.0,,,,23.0,,59.0,,,,,,,,,,62.0,,,,,,,,,,,,,,,,,,,,,
2011-05-28,,,,,,55.0,99.0,,,,49.0,,71.0,,,,,,,,,,27.0,,,,,,,,,,,,,,,,,,,,,
2011-05-29,,,,,,66.0,90.0,,,,42.0,,100.0,,,,,,,,,,14.0,,,,,,,,,,,,,,,,,,,,,
2011-05-30,,,,,,58.0,100.0,,,,59.0,,65.0,,,,,,,,,,50.0,,,,,,,,,,,,,,,,,,,,,
2011-05-31,,,,,,31.0,40.0,,,,27.0,,37.0,,,,,,,,,,58.0,,,,,,,,,,,,,,,,,,,,,
2011-06-01,,,,,,31.0,29.0,,,,18.0,,62.0,,,,,,,,,,19.0,,,,,,,,,,,,,,,,,,,,,
2011-06-02,,,,,,28.0,20.0,,,,29.0,,27.0,,,,,,,,,,38.0,,,,,,,,,,,,,,,,,,,,,
2011-06-03,,,,,,30.0,27.0,,,,39.0,,46.0,,,,,,,,,,40.0,,,,,,,,,,,,,,,,,,,,,
2011-06-04,,,,,,40.0,59.0,,,,53.0,,38.0,,,,,,,,,,13.0,,,,,,,,,,,,,,,,,,,,,
2011-06-05,,,,,,43.0,47.0,,,,61.0,,62.0,,,,,,,,,,39.0,,,,,,,,,,,,,,,,,,,,,
2011-06-06,,,,,,27.0,17.0,,,,30.0,,33.0,,,,,,,,,,29.0,,,,,,,,,,,,,,,,,,,,,
2011-06-07,,,,,,22.0,17.0,,,,23.0,,33.0,,,,,,,,,,38.0,,,,,,,,,,,,,,,,,,,,,
2011-06-08,,,,,,26.0,18.0,,,,26.0,,19.0,,,,,,,,,,29.0,,,,,,,,,,,,,,,,,,,,,
2011-06-09,,,,,,23.0,21.0,,,,30.0,,27.0,,,,,,,,,,58.0,,,,,,,,,,,,,,,,,,,,,
2011-06-10,,,,,,33.0,20.0,,,,48.0,,28.0,,,,,,,,,,30.0,,,,,,,,,,,,,,,,,,,,,
2011-06-11,,,,,,39.0,40.0,,,,100.0,,31.0,,,,,,,,,,38.0,,,,,,,,,,,,,,,,,,,,,
2011-06-12,,,,,,43.0,34.0,,,,,,31.0,,,,,,,,,,52.0,,,,,,,,,,,,,,,,,,,,,
2011-06-13,,,,,,31.0,13.0,,,,,,30.0,,,,,,,,,,39.0,,,,,,,,,,,,,,,,,,,,,
2011-06-14,,,,,,,17.0,,,,,,35.0,,,,,,,,,,48.0,,,,,,,,,,,,,,,,,,,,,
2011-06-15,,,,,,,10.0,,,,,,32.0,,,,,,,,,,19.0,,,,,,,,,,,,,,,,,,,,,
2011-06-16,,,,,,,12.0,,,,,,29.0,,,,,,,,,,30.0,,,,,,,,,,,,,,,,,,,,,
2011-06-17,,,,,,,13.0,,,,,,34.0,,,,,,,,,,51.0,,,,,,,,,,,88.0,,,,,,,,,,
2011-06-18,,,,,,,26.0,,,,,,,,,,,,,,,,52.0,,,,,,,,,,,93.0,,,,,,,,,,
2011-06-19,,,,,,,27.0,,,,,,,,,,,,,,,,0.0,,,,,,,,,,,83.0,,,,,,,,,,
2011-06-20,,,,,,,10.0,,,,,,,,,,,,,,,,66.0,,,,,,,,,,,79.0,,,,,,,,,,
2011-06-21,,,,,,,17.0,,,,,,,,,,,,,,,,65.0,,,,,,,,,,,78.0,,,,,,,,,,
2011-06-22,,,,,,,6.0,,,,,,,,,,,,,,,,77.0,,,,,,,,72.0,,,79.0,,,,,,,,,,
2011-06-23,,,,,,,13.0,,,,,,,,,,,,,,,,29.0,,,,,,,,58.0,,,77.0,,,,,,,,,,
2011-06-24,,,,,,,14.0,,,,,,,,,,,,,,,,100.0,,,,,,,,91.0,,,88.0,,,,,,,,,,
2011-06-25,,,,,,,22.0,,,,,,,,,,,,,,,,0.0,,,,,,,,58.0,,,96.0,,,,,,,,,,
2011-06-26,,,,,,,,,,,,,,,,,,,,,,,,,,,,,,,40.0,,,86.0,,,,,,,,,,
2011-06-27,,,,,,,,,,,,,,,,,,,,,,,,,,,,,,,72.0,,,78.0,,,,,,,,,,
2011-06-28,,,,,,,,,,,,,,,,,,,,,,,,,,,,,,,43.0,,,79.0,49.0,,,,,,,,,
2011-06-29,,,,,,,,,,,,,,,,,,,,,,,,,,,,,,,29.0,,,81.0,100.0,,,,,,,,,
2011-06-30,,,,,,,,,,,,,,,,,,,,,,,,,,,,,,,60.0,,,80.0,72.0,,,,,,,,,
2011-07-01,,,,,,,,,,,,,,,,,,,,,,,,,,,,,,,63.0,,,89.0,67.0,,,,,,,,,
2011-07-02,,,,,,,,,,,,,,,,,,,,,,,,,,,,,,,100.0,,,100.0,80.0,,,,,,,,,
2011-07-03,,,,,,,,,,,,,,,,,,,,,,,,,,,,,,,21.0,,,94.0,68.0,,,,,,,,,
2011-07-04,,,,,,,,,,,,,,,,,,,,,,,,,,,,,,,59.0,,,78.0,59.0,,,,,,,,,
2011-07-05,,,,,,,,,,,,,,,,,,,,,,,,,,,,,,,15.0,,,79.0,42.0,,,,,,,,,
2011-07-06,,,,,,,,,,,,,,,,,,,,,,,,,,,,,,,43.0,,,75.0,34.0,,,,,,,,,
2011-07-07,,,,,,,,,,,,,,,,,,,,,,,,,,,,,,,14.0,,,86.0,29.0,,,,,,,,,
2011-07-08,,,,,,,,,,,,,,,,,,,,,,,,,,,,,,,44.0,,,90.0,25.0,,,,,,,,,
2011-07-09,,,,,,,,,,,,,,,,,,,,,,,,,,,,,,,38.0,,,96.0,29.0,,,,,,,,,
2011-07-10,,,,,,,,,,,,,,,,,,,,,,,,,,,,,,,58.0,,,89.0,37.0,,,,,,,,,
2011-07-11,,,,,,,,,,,,,,,,,,,,,,,,,,,,,,,0.0,,,79.0,26.0,,,,,,,,,
2011-07-12,,,,,,,,,,,,,,,,,,,,,,,,,,,,,,,28.0,,,76.0,18.0,,,,,,,,,
2011-07-13,,,,,,,,,,,,,,,,,,,,,,,,,,,,,,,56.0,,,73.0,17.0,,,,,,,,,
2011-07-14,,,,,,,,,,,,,,,,,,,,,,,,,,,,,,,43.0,,,79.0,16.0,,,,,,,,,
2011-07-15,,,,,,,,,,,,,,,,,,,,,,,,,,,,,,,45.0,,,89.0,15.0,,,,,,,,,
2011-07-16,,,,,,,,,,,,,,,,,,,,,,,,,,,,,,,57.0,,,95.0,17.0,,,,,,,,,
2011-07-17,,,,,,,,,,,,,,,,,,,,,,,,,,,,,,,38.0,,,84.0,23.0,,,,,,,,,
2011-07-18,,,,,,,,,,,,,,,,,,,,,,,,,,,,,,,85.0,,,,16.0,,,,,,,,,
2011-07-19,,,,,,,,,,,,,,,,,,,,,,,,,,,,,,,69.0,,,,11.0,,,,,,,,,
2011-07-20,,,,,,,,,,,,,,,,,,,,,,,,,,,,,,,71.0,,,,13.0,,,,,,,,,
2011-07-21,,,,,,,,,,,,,,,,,,,,,,,,,,,,,,,43.0,,,,9.0,,,,,,,,,
2011-07-22,,,,,,,,,,,,,,,,,,,,,,,,,,,,,,,30.0,,,,10.0,,,,,,,,,
2011-07-23,,,,,,,,,,,,,,,,,,,,,,,,,,,,,,,,,,,18.0,,,,,,,,,
2011-07-24,,,,,,,,,,,,,,,,,,,,,,,,,,,,,,,,,,,13.0,,,,,,,,,
2011-07-25,,,,,,,,,,,,,,,,,,,,,,,,,,,,,,,,,,,9.0,,,,,,,,,
2011-07-26,,,,,,,,,,,,,,,,,,,,,,,,,,,,,,,,,,,11.0,,,,,,,,,
2011-07-27,,,,,,,,,,,,,,,,,,,,,,,,,,,,,,,,,,,10.0,,,,,,,,,
2011-07-28,,,,,,,,,,,,,,,,,,,,,,,,,,,,,,,,,,,9.0,,,,,,,,,
2011-08-03,,,,,,,,,,,,,,,,,,,,,,,,,,,,,,,,,,,,,20.0,,,,,,,
2011-08-04,,,,,,,,,,,,,,,,,,,,,,,,,,,,,,,,,,,,,29.0,,,,,,,
2011-08-05,,,,,,,,,,,,,,,,,,,,,,,,,,,,,,,,,,,,,74.0,,,,,,,
2011-08-06,,,,,,,,,,,,,,,,,,,,,,,,,,,,,,,,,,,,,100.0,,,,,,,
2011-08-07,,,,,,,,,,,,,,,,,,,,,,,,,,,,,,,,,,,,,99.0,,,,,,,
2011-08-08,,,,,,,,,,,,,,,,,,,,,,,,,,,,,,,,,,,,,64.0,,,,,,,
2011-08-09,,,55.0,,,,,,,,,,,,,,,,,,,,,,,,,,,,,,,,,,39.0,,,,,,,
2011-08-10,,,83.0,,,,,,,,,,,,,,,,,,,,,,,,,,,,,,,,,,31.0,,,,,,,
2011-08-11,,,100.0,,,,,,,,,,,,,,,,,,,,,,,,,,,,,,,,,,30.0,,,,,,,
2011-08-12,,,89.0,,,,,,,,,,,,,,,,,,,,,,,,,,,,,,,,,,37.0,,,,,,,
2011-08-13,,,98.0,,,,,,,,,,,,,,,,,,,,,,,,,,,,,,,,,,39.0,,,,,,,
2011-08-14,,,100.0,,,,,,,,,,,,,,,,,,,,,,,,,,,,,,,,,,42.0,,,,,,,
2011-08-15,,,83.0,,,,,,,,,,,,,,,,,,,,,,,,,,,,,,,,,,28.0,,,,,,,
2011-08-16,,,61.0,,,,,,,,,,,,,,,,,,,,,,,,,,,,,,,,,,17.0,,,,,,,
2011-08-17,,,59.0,,,,,,,,,,,,,,,,,,,,,,,,,,,,,,,,,,19.0,,,,,,,
2011-08-18,,,60.0,,,,,,,,,,,,,,,,,,,,,,,,,,,,,,,,,,12.0,,,,,,,
2011-08-19,,,59.0,,,,,,,,,,,,,,,,,,,,,,,,,,,,,,,,,,11.0,,,,,,,
2011-08-20,,,83.0,,,,,,,,,,,,,,,,,,,,,,,,,,,,,,,,,,18.0,,,,,,,
2011-08-21,,,85.0,,,,,,,,,,,,,,,,,,,,,,,,,,,,,,,,,,22.0,,,,,,,
2011-08-22,,,65.0,,,,,,,,,,,,,,,,,,,,,,,,,,,,,,,,,,12.0,,,,,,,
2011-08-23,,,46.0,,,,,,,,,,,,,,,,,,,,,,,,,,,,,,,,,,12.0,,,,,,,
2011-08-24,,,45.0,,,,,,,,,,,,,,,,,,,,,,,,,,,,,,,,,,10.0,,,,,,,
2011-08-25,,,42.0,,,,,,,,,,,,,,,,,,,,,,,,,,,,,,,,,,5.0,,,,,,,
2011-08-26,,,50.0,,,,,,,,,,,,,,,,,,,,,,,,,,,,,,,,,,8.0,,,,,,,
2011-08-27,,,63.0,,,,,,,,,,,,,,,,,,,,,,,,,,,,,,,,,,10.0,,,,,,,
2011-08-28,,,70.0,,,,,,,,,,,,,,,,,,,,,,,,,,,,,,,,,,13.0,,,,,,,
2011-08-29,,,53.0,,,,,,,,,,,,,,,,,,,,,,,,,,,,,,,,,,8.0,,,,,,,
2011-08-30,,,42.0,,,,,,,,,,,,,,,,,,,,,,,,,,,,,,,,,,6.0,,,,,,,
2011-08-31,,,41.0,,,,,,,,,,,,,,,,,,,,,,,,,,,,,,,,,,9.0,,,,,,,
2011-09-01,,,37.0,,,,,,,,,,,,,85.0,,,,,,,,,,,,,,,,,,,,,5.0,,,,,,,
2011-09-02,,,44.0,,,,,,,,,,,,,100.0,,,,,,,,,,,,,,,,,,,,,8.0,,,,,,,
2011-09-03,,,56.0,,,,,,,,,,,,,49.0,,,,,,,,,,,,,,,,,,,,,10.0,,,,,,,
2011-09-04,,,61.0,,,,,,,,,,,,,50.0,,,,,,,,,,,,,,,,,,,,,,,,,,,,
2011-09-05,,,74.0,,,,,,,,,,,,,55.0,,,,,,,,,,,,,,,,,,,,,,,,,,,,
2011-09-06,,,57.0,,,,,,,,,,,,,65.0,,,,,,,,,,,,,,,,,,,,,,,,,,,,
2011-09-07,,,37.0,,,,,,,,,,,,,18.0,,,,,,,,,,,,,,,,,,,,,,,,,,,,
2011-09-08,,,36.0,,,,,,,,,,,,,0.0,,,,,,,,,,,,,,,,,,,,,,,,,,,,
2011-09-09,,,42.0,,,,,,,,,,,,,0.0,,,,,,,,,,,,,,,,,,,,,,,,,,,,
2011-09-10,,,,,,,,,,,,,,,,12.0,,,,,,,,,,,,,,,,,,,,,,,,,,,,
2011-09-11,,,,,,,,,,,,,,,,12.0,,,,,,,,,,,,,,,,,,,,,,,,,,,,
2011-09-12,,,,,,,,,,,,,,,,9.0,,,,,,,,,,,,,,,,,,,,,,,,,,,,
2011-09-13,,,,,,,,,,,,,,,,18.0,,,,,,,,,,,,,,,,,,,,,,,,,,,,
2011-09-14,,,,,,,,,,,,,,,,36.0,,,,,,,,,,,,,,,,,,,,,,,,,,,,
2011-09-15,,,,,,,,,,,,,,,,9.0,,,,,,,,37.0,,,,,,,,,,,,,,,,,,,,
2011-09-16,,,,,,,,,,,,,,,,0.0,,,,,,,,32.0,,,,,,,,,,,,,,,,,,,,
2011-09-17,,,,,,,,,,,,,,,,0.0,,,,,,,,63.0,,,,,,,,,,,,,,,,,,,,
2011-09-18,,,,,,,,,,,,,,,,23.0,,,,,,,,68.0,,,,,,,,,,,,,,,,,,,,
2011-09-19,,,,,,,,,,,,,,,,27.0,,,,,,,,42.0,,,,,,,,,,,,,,,,,,,,
2011-09-20,,,,,,,,,,,,,,,,18.0,,,,,,,,48.0,,,,,,,,,,,,,,,,,,,,
2011-09-21,,,,,,,,,,,,,,,,27.0,,,,,,,,84.0,,,,,,,,,,,,,,,,,,,,
2011-09-22,,,,,,,,,,,,,,,,0.0,,,,,,,,49.0,,,,,,,,,,,,,,,,,,,,
2011-09-23,,,,,,,,,,,,,,,,10.0,,,,,,,,70.0,,,,,,,,,,,,,,,,,,,,
2011-09-24,,,,,,,,,,,,,,,,0.0,,,,,,,,47.0,,,,,,,,,,,,,,18.0,,,,,,
2011-09-25,,,,,,,,,,,,,,,,0.0,,,,,,,,60.0,,,,,,,,,,,,,,24.0,,,,,,
2011-09-26,,,,,,,,,,,,,,,,0.0,,,,,,,,78.0,,,,,,,,,,,,,,38.0,,,,,,
2011-09-27,,,,,,,,,,,,,,,,18.0,,,,,,,,83.0,,,,,,,,,,,,,,9.0,,,,,,
2011-09-28,,,,,,,,,,,,,,,,0.0,,,,,,,,48.0,,,,,,,,,,,,14.0,,25.0,,,,,,
2011-09-29,,,,,,,,,,,,,,,,0.0,,,,,,,,72.0,,,,,,,,,,,,11.0,,13.0,,,,,,
2011-09-30,,,,,,,,,,,,,,,,0.0,,,,,,,,58.0,,,,,,,,,,,,14.0,,22.0,,,,,,
2011-10-01,,,,,,,,,,,,,,,,12.0,,,,,,,,85.0,,,,,,,,,,,,15.0,,27.0,,,,,,
2011-10-02,,,,,,,,,,,,,,,,,,,,,,,,54.0,,,,,,,,,,,,21.0,,22.0,,,,,,
2011-10-03,,,,,,,,,,,,,,,,,,,,,,,,61.0,,,,,,,,,,,,15.0,,36.0,,,,,,
2011-10-04,,,,,,,,,,,,,,,,,13.0,,,,,,,58.0,,,,,,,,,,,,16.0,,14.0,,,,,,
2011-10-05,,,,,,,,,,,,,,,,,13.0,,,,,,,83.0,,,,,,,,,,,,21.0,,36.0,,,,,,
2011-10-06,,,,,,,,,,,,,,,,,27.0,,,,,,,66.0,,,,,,,,,,,,25.0,,47.0,,,,,,
2011-10-07,,,,,,,,,,,,,,,,,100.0,,,,,,,52.0,,,,,,,,,,,,59.0,,80.0,,,,,,
2011-10-08,,,,,,,,,,,,,,,,,53.0,,,,,,,94.0,,,,,,,,,,,,100.0,,100.0,,,,,,
2011-10-09,,,,,,,,,,,,,,,,,17.0,,,,,,,54.0,,,,,,,,,,,,82.0,,80.0,,,,,,
2011-10-10,,,,,,,,,,,,,,,,,81.0,0.0,,,,,,54.0,,,,,,,,,,,,54.0,,49.0,,,,,,
2011-10-11,,,,,,,,,,,,,,,,,0.0,0.0,,,,,,28.0,,,,,,,,,,,,30.0,,26.0,,,,,,
2011-10-12,,,,,,,,,,,,,,,,,13.0,100.0,,,,,,100.0,,,,,,,,,,,,20.0,,18.0,,,,,,
2011-10-13,,,,,,,,,,,,,,,,,13.0,0.0,,,,,,47.0,,,,,,,,,,,,21.0,,33.0,,,,,,
2011-10-14,,,,,,,,,,,,,,,,,0.0,0.0,,,,,,56.0,,,,,,,,,,,,27.0,,31.0,,,,,,
2011-10-15,,,,,,,,,,,,,,,,,17.0,0.0,,,,,,85.0,,,,,,,,,,,,49.0,,64.0,,,,,,
2011-10-16,,,,,,,,,,,,,,,,,17.0,0.0,,,,,,,,,,,,,,,,,,49.0,,43.0,,,,,,
2011-10-17,,,,,,,,,,,,,,,,,27.0,0.0,,,,,,,,,,,,,,,,,,21.0,,17.0,,,,,,
2011-10-18,,,,,,,,,,,,,,,,,0.0,0.0,,,,,,,,,,,,,,,,,,17.0,,23.0,,,,,,
2011-10-19,,,,,,,,,,,,,,,,,0.0,0.0,,,,,,,,,,,,,,,,,,14.0,,20.0,,,,,,
2011-10-20,,,,,,,,,,,,,,,,,0.0,0.0,,,,,,,,,,,,,,,,,,15.0,,22.0,,,,,,
2011-10-21,,,,,,,,,,,,,,26.0,,,0.0,0.0,,,,,,,,,,,,,,,,,,28.0,,35.0,,,,,,
2011-10-22,,,,,,,,,,,,,,26.0,,,52.0,0.0,,,,,,,,,,,,,,,,,,36.0,,33.0,,,,,,
2011-10-23,,,,,,,,,,,,,,26.0,,,17.0,0.0,,,,,,,,,,,,,,,,,,32.0,,42.0,,,,,,
2011-10-24,,,,,,,,,,,,,,29.0,,,27.0,0.0,,,,,,,,,,,,,,,,,,18.0,,9.0,,,,,,
2011-10-25,,,,,,,,,,,,,,31.0,,,0.0,0.0,,,,,,,,31.0,,,,,,,,,,12.0,,,,,,,,
2011-10-26,,,,,,,,,,,,,,29.0,,,0.0,0.0,,,,,,,,46.0,,,,,,,,,,10.0,,,,,,,,
2011-10-27,,,,,,,,,,,,,,31.0,,,0.0,0.0,,,,,,,,31.0,,,,,,,,,,5.0,,,,,,,,
2011-10-28,,,,,,,,74.0,,,,,,39.0,,,14.0,0.0,,,,,,,,16.0,,,,,,,,,,12.0,,,,,,,,
2011-10-29,,,,,,,,100.0,,,,,,37.0,,,0.0,0.0,,,,,,,,59.0,,,,,,,,,,,,,,,,,,
2011-10-30,,,,,,,,81.0,,,,,,42.0,,,0.0,0.0,,,,,,,,40.0,,,,,,,,,,,,,,,,,,
2011-10-31,,,,,,,,31.0,,,,,,34.0,,,14.0,0.0,,,,,,,,48.0,,,,,,,,,,,,,,,,,,
2011-11-01,,,,,,,,38.0,,,,,,41.0,,,27.0,0.0,,,,,,,,32.0,,,,,,,,,,,,,,,,,,
2011-11-02,,,,,,,,29.0,,,,,,49.0,,,13.0,0.0,,,,,,,,31.0,,,,,,,,,,,,,,,,,,
2011-11-03,,,,,,,,34.0,,,,,,47.0,,,0.0,0.0,,,,,,,,46.0,,,,,,,,,,,,,,,,,,
2011-11-04,,,,,,,,44.0,,,,,,55.0,,,14.0,0.0,,,,,,,,32.0,,,,,,,,,,,,,,,,,,
2011-11-05,,,,,,,,85.0,,,,,,100.0,,,,0.0,,,,,,,,39.0,,,,,,,,,,,,,,,,,,
2011-11-06,,,,,,,,69.0,,,,,,61.0,,,,0.0,,,,,,,,57.0,,,,,,,,,,,,,,,,,,
2011-11-07,,,,,,,,31.0,,,,,,37.0,,,,0.0,,,,,,,,31.0,,,,,,,,,,,,,,,,,,
2011-11-08,,,,,,,,27.0,,,,,,31.0,,,,0.0,,,,,,,,15.0,,,,,,,,,,,,,,,,,,
2011-11-09,,,,,,,,23.0,,,,,,32.0,,,,0.0,,,,,,,,61.0,,,,,,,,,,,,,,,,,,
2011-11-10,,,,,,,,28.0,,,,,,27.0,,,,0.0,,,,,,,,31.0,,,,,,,,,,,,,,,,,,
2011-11-11,,,,,,,,35.0,,,,,,31.0,,,,,,,,,,,,81.0,,,,,,,,,,,,,,,,,,
2011-11-12,,,,,,,,62.0,,,,,,35.0,,,,,,,,,,,,39.0,,,,,,,,,,,,,,,,,,
2011-11-13,,,,,,,,51.0,,,,,,26.0,,,,,,,,,,,,77.0,,,,,,,,,,,,,,,,,,
2011-11-14,,,,,,,,26.0,,,,,,22.0,,,,,,,,,,,,15.0,,,,,,,,,,,,,,,,,,
2011-11-15,,,,,,,,15.0,,,,,,29.0,,,,,,,,,,,,45.0,,,,,,,,,,,,,,,,,,
2011-11-16,,,,,,,,14.0,,,,,,24.0,,,,,,,,,,,,30.0,,,,,,,,,,,,,,,,,,
2011-11-17,,,,,,,,15.0,,,,,,24.0,,,,,,,,,,,,77.0,,,,,,,,,,,,,,,,,,
2011-11-18,,,,,,,,14.0,,,,,,24.0,,,,,,,,,,,,80.0,,,,,,,,,,,,,,,,,,
2011-11-19,,,,,,,,31.0,,,,,,26.0,,,,,,,,,,,,0.0,,,,,,,,,,,,,,,,,,
2011-11-20,,,,,,,,27.0,,,,,,24.0,,,,,,,,,,,,19.0,,,,,,,,,,,,,,,,,,
2011-11-21,,,,,,,,19.0,,,,,,20.0,,,,,,,,,,,,61.0,,,,,,,,,,,,,,,,,,
2011-11-22,,,,,,,,17.0,,34.0,,,,,,,,,,,,,,,,15.0,30.0,,,,,,,,,,,,,,,,,
2011-11-23,,,,,,,,19.0,,64.0,,,,,,,,,,,,,,,,97.0,67.0,,,,,,,,,,,,,,,,,
2011-11-24,,,,,,,,31.0,,86.0,,,,,,,,,,,,,,,,100.0,81.0,,,,,,,,,,,,,,,,,
2011-11-25,,,,,,,,29.0,,90.0,,,,,,,,,,,,,,,,56.0,76.0,,,,,,,,,,,,,,,,,
2011-11-26,,,,,,,,25.0,,100.0,,,,,,,,,,,,,,,,,100.0,,,,,,,,,,,,,,,,,
2011-11-27,,,,,,,,27.0,,69.0,,,,,,,,,,,,,,,,,83.0,,,,,,,,,,,,,,,,,
2011-11-28,,,,,,,,11.0,,35.0,,,,,,,,,,,,,,,,,41.0,,,,,,,,,,,,,,,,,
2011-11-29,,,,,,,,,,30.0,,,,,,,,,,,,,,,,,33.0,,,,,,,,,,,,,,,,,
2011-11-30,,,,,,,,,,27.0,,,,,,,,,,,,,,,,,26.0,,,,,,,,,,,,,,,,,
2011-12-01,,,,,,,,,,28.0,,,,,,,,,,,,,,,,,25.0,,,,,,,,,,,,,,,,,
2011-12-02,,,,,,,,,,40.0,,,,,,,,,,,,,,,,,26.0,,,,,,,,,,,,,,,,,
2011-12-03,,,,,,,,,,54.0,,,,,,,,,,,,,,,,,37.0,,,,,,,,,,,,,,,,,
2011-12-04,,,,,,,,,,54.0,,,,,,,,,,,,,,,,,40.0,,,,,,,,,,,,,,,,,
2011-12-05,,,,,,,,,,37.0,,,,,,,,,,,,,,,,,21.0,,,,,,,,,,,,,,,,,
2011-12-06,,,,,,,,,,30.0,,,,,,,,,,,,,,,,,26.0,,,,,,,,,,,,,,,,,
2011-12-07,,,,,,,,,,25.0,,,,,,,,,,,,,,,,,23.0,,,,,,,,,,,,,,,,,
2011-12-08,,,,,,,,,,27.0,,,,,,,,,,,,,,,,,18.0,,,,,,,,,,,,,,,,,
2011-12-09,,,,,,,,,,37.0,,,,,,,,,,,,,,,,,21.0,,,,,,,,,,,,,,,,,
2011-12-10,,,,,,,,,,52.0,,,,,,,,,,,,,,,,,28.0,,,,,,,,,,,,,,,,,
2011-12-11,,,,,,,,,,48.0,,,,,,,,,,,,,,,,,28.0,,,,,,,,,,,,,,,,,
2011-12-12,,,,,,,,,,39.0,,,,,,,,,,,,,,,,,18.0,,,,,,,,,,,,,,,,,
2011-12-13,,,,,,,,,,28.0,,,,,,,,,,,,,,,,,14.0,,,,,,,,,,,,,,,,,
2011-12-14,,,,26.0,,,,,,29.0,,,,,,,,,,,,,,,,,15.0,,,,,,,,,,,,,,,,,
2011-12-15,,,,27.0,,,,,,29.0,,,,,,,,,,,,,,,,,12.0,,,,,,,,,,,,,,,,,
2011-12-16,,,,31.0,,,,,,30.0,,,,,,,,,,,,,,,,,12.0,,,,,,,,,,,,,,,,,
2011-12-17,,,,36.0,,,,,,40.0,,,,,,,,,,,,,,,,,13.0,,,,,,,,,,,,,,,,,
2011-12-18,,,,34.0,,,,,,44.0,,,,,,,,,,,,,,,,,17.0,,,,,,,,,,,,,,,,,
2011-12-19,,,,37.0,,,,,,34.0,,,,,,,,,,,,,,,,,14.0,,,,,,,,,,,,,,,,,
2011-12-20,,,,50.0,,,,,,36.0,,,,,,,,,,,,,,,,,15.0,,,,,,,,,,,,,,,,,
2011-12-21,,45.0,,78.0,,,,,,27.0,,,,,,,,,,,,,,,,,14.0,,,,,,,,,,,,,,,,,
2011-12-22,,41.0,,67.0,,,,,,27.0,,,,,,,,,,,,,,,,,16.0,,,,,,,,,,,,,,,,,
2011-12-23,,32.0,,69.0,,,,,,,,,,,,,,,,,,,,,,,,,,,,,,,,,,,,,,,,
2011-12-24,45.0,37.0,,85.0,,,,,,,,,,,,,,,,,,,,,,,,,,,,,,,,,,,,,,,,
2011-12-25,0.0,33.0,,70.0,,,,,,,,96.0,,,,,,,,,,,,,,,,,,,,,,,,,,,,,,,,
2011-12-26,0.0,21.0,,100.0,,,,,,,,100.0,,,,,,,,,,,,,,,,,,,,,,,,,,,,,,,,
2011-12-27,12.0,23.0,,89.0,,,,,,,,73.0,,,,,,,,,,,,,,,,,,,,,,,,,,,,,,,,
2011-12-28,46.0,28.0,,69.0,,,,,,,,48.0,,,,,,,,,,,,,,,,,,,,,,,,,,,,,,,,
2011-12-29,46.0,29.0,,71.0,,,,,,,,54.0,,,,,,,,,,,,,,,,,,,,,,,,,,,,,,,,
2011-12-30,24.0,12.0,,74.0,38.0,,,,,,,52.0,,,,,,,,,,,,,,,,,,,,,,,,,,,,,,,,
2011-12-31,0.0,13.0,,64.0,17.0,,,,,,,52.0,,,,,,,,,,,,,,,,,,,,,,,,,,,,,,,,
2012-01-01,15.0,29.0,,58.0,32.0,,,,,,,52.0,,,,,,,,,,,,,,,,,,,,,,,,,,,,,,,,
2012-01-02,24.0,17.0,,71.0,21.0,,,,,,,49.0,,,,,,,,,,,,,,,,,,,,,,,,,,,,,,,,
2012-01-03,11.0,16.0,,57.0,14.0,,,,,,,25.0,,,,,,,,,,,,,,,,,,,,,,,,,,,,,,,,
2012-01-04,31.0,21.0,,43.0,23.0,,,,,,,20.0,,,,,,,,,,,,,,,,,,,,,,,,,,,,,,,,
2012-01-05,0.0,37.0,,36.0,22.0,,,,,,,16.0,,,,,,,,,,,,,,,,,,,,,,,,,,,,,,,,
2012-01-06,0.0,32.0,,47.0,26.0,,,,,,,23.0,,,,,,,,,,,,,,,,,,,,,,,,,,,,,,,,
2012-01-07,0.0,38.0,,62.0,54.0,,,,,,,36.0,,,,,,,,,,,,,,,,,,,,,,,,,,,,,,,,
2012-01-08,0.0,31.0,,63.0,56.0,,,,,,,33.0,,,,,,,,,,,,,,,,,,,,,,,,,,,,,,,,
2012-01-09,31.0,5.0,,34.0,57.0,,,,,,,26.0,,,,,,,,,,,,,,,,,,,,,,,,,,,,,,,,
2012-01-10,10.0,21.0,,28.0,62.0,,,,,,,20.0,,,,,,,,,,,,,,,,,,,,,,,,,,,,,,,,
2012-01-11,31.0,10.0,,22.0,76.0,,,,,,,12.0,,,,,,,,,,,,,,,,,,,,,,,,,,,,,,,,
2012-01-12,21.0,15.0,,25.0,81.0,,,,,,,16.0,,,,,,,,,,,,,,,,,,,,,,,,,,,,,,,,
2012-01-13,0.0,11.0,,27.0,96.0,,,,,,,22.0,,,,,,,,,,,,,,,,,,,,,,,,,,,,,,,,
2012-01-14,13.0,32.0,,44.0,100.0,,,,,,,30.0,,,,,,,,,,,,,,,,,,,,,,,,,,,,,,,,
2012-01-15,0.0,38.0,,,75.0,,,,,,,36.0,,,,,,,,,,,,,,,,,,,,,,,,,,,,,,,,
2012-01-16,11.0,100.0,,,50.0,,,,,,,22.0,,,,,,,,,,,,,,,,,,,,,,,,,,,,,,,,
2012-01-17,0.0,20.0,,,22.0,,,,,,,13.0,,,,,,,,,,,,,,,,,,,,,,,,,,,,,,,,
2012-01-18,20.0,20.0,,,14.0,,,,,,,13.0,,,,,,,,,,,,,,,,,,,,,,,,,,,,,,,,
2012-01-19,21.0,30.0,,,25.0,,,,,,,13.0,,,,,,,,,,,,,,,,,,,,,,,,,,,,,,,,
2012-01-20,32.0,58.0,,,23.0,,,,,,,14.0,,,,,,,,,,,,,,,,,,,,,,,,,,,,,,,,
2012-01-21,61.0,97.0,,,29.0,,,,,,,25.0,,,,,,,,,,,,,,,,,,,,,,,,,,,,,,,,
2012-01-22,36.0,,,,26.0,,,,,,,19.0,,,,,,,,,,,,,,,,,,,,,,,,,,,,,,,,
2012-01-23,50.0,,,,13.0,,,,,,,11.0,,,,,,,,,,,,,,,,,,,,,,,,,,,,,,,,
2012-01-24,100.0,,,,14.0,,,,,,,9.0,,,,,,,,,,,,,,,,,,,,,,,,,,,,,,,,
2012-01-25,,,,,22.0,,,,,,,8.0,,,,,,,,,,,,,,,,,,,,,,,,,,,,,,,,
2012-01-26,,,,,19.0,,,,,,,,,,,,,,,,,,,,,,,,,,,,,,,,,,,,,,,
2012-01-27,,,,,22.0,,,,,,,,,,,,,,,,,,,,,,,,,,,,,,,,,,,,,,,
2012-01-28,,,,,48.0,,,,,,,,,,,,,,,,,,,,,,,,,,,,,,,,,,,,,,,
2012-01-29,,,,,21.0,,,,,,,,,,,,,,,,,,,,,,,,,,,,,,,,,,,,,,,
2012-01-30,,,,,12.0,,,,,,,,,,,,,,,,,,,,,,,,,,,,,,,,,,,,,,,
2012-09-07,,,,,,,,,,,,,,,,,,,,,,,,,,,,,,,,,,,,,,,,,19.0,,,
2012-09-08,,,,,,,,,,,,,,,,,,,,,,,,,,,,,,,,,,,,,,,,16.0,32.0,,,
2012-09-09,,,,,,,,,,,,,,,,,,,,,,,,,,,,,,,,,,,,,,,,77.0,34.0,,,
2012-09-10,,,,,,,,,,,,,,,,,,,,,,,,,,,,,,,,,,,,,,,,100.0,25.0,,,
2012-09-11,,,,,,,,,,,,,,,,,,,,,,,,,,,,,,,,,,,,,,,,50.0,29.0,,,
2012-09-12,,,,,,,,,,,,,,,,,,,,,,,,,,,,,,,,,,,,,,,,18.0,34.0,,,
2012-09-13,,,,,,,,,,,,,,,,,,,,,,,,,,,,,,,,,,,,,,,,13.0,49.0,,,
2012-09-14,,,,,,,,,,,,,,,,,,,,,,,,,,,,,,,,,,,,,,,,14.0,75.0,,,
2012-09-15,,,,,,,,,,,,,,,,,,,,,,,,,,,,,,,,,,,,,,,,22.0,64.0,,,
2012-09-16,,,,,,,,,,,,,,,,,,,,,,,,,,,,,,,,,,,,,,,,28.0,81.0,,,
2012-09-17,,,,,,,,,,,,,,,,,,,,,,,,,,,,,,,,,,,,,,,,27.0,71.0,,,
2012-09-18,,,,,,,,,,,,,,,,,,,,,,,,,,,,,,,,,,,,,,,,39.0,64.0,,,
2012-09-19,,,,,,,,,,,,,,,,,,,,,,,,,,,,,,,,,,,,,,,,23.0,57.0,,,
2012-09-20,,,,,,,,,,,,,,,,,,,,,,,,,,,,,,,,,,,,,,,,23.0,55.0,,,
2012-09-21,,,,,,,,,,,,,,,,,,,,,,,,,,,,,,,,,,,,,,,,14.0,73.0,,,
2012-09-22,,,,,,,,,,,,,,,,,,,,,,,,,,,,,,,,,,,,,,,,17.0,100.0,,,
2012-09-23,,,,,,,,,,,,,,,,,,,,,,,,,,,,,,,,,,,,,,,,33.0,85.0,,,
2012-09-24,,,,,,,,,,,,,,,,,,,,,,,,,,,,,,,,,,,,,,,,13.0,55.0,,,
2012-09-25,,,,,,,,,,,,,,,,,,,,,,,,,,,,,,,,,,,,,,,,18.0,33.0,,,
2012-09-26,,,,,,,,,,,,,,,,,,,,,,,,,,,,,,,,,,,,,,,,0.0,42.0,,,
2012-09-27,,,,,,,,,,,,,,,,,,,,,,,,,,,,,,,,,,,,,,,,27.0,45.0,,,
2012-09-28,,,,,,,,,,,,,,,,,,,,,,,,,,,,,,,,,,,,,,,,23.0,45.0,,,
2012-09-29,,,,,,,,,,,,,,,,,,,,,,,,,,,,,,,,,,,,,,,,34.0,61.0,,,
2012-09-30,,,,,,,,,,,,,,,,,,,,,,,,,,,,,,,,,,,,,,,,33.0,55.0,,,
2012-10-01,,,,,,,,,,,,,,,,,,,,,,,,,,,,,,,,,,,,,,,,4.0,30.0,,,
2012-10-02,,,,,,,,,,,,,,,,,,,,,,,,,,,,,,,,,,,,,,,,26.0,32.0,,,
2012-10-03,,,,,,,,,,,,,,,,,,,,,,,,,,,,,,,,,,,,,,,,18.0,27.0,,,
2012-10-04,,,,,,,,,,,,,,,,,,,,,,,,,,,,,,,,,,,,,,,,18.0,29.0,,,
2012-10-05,,,,,,,,,,,,,,,,,,,,,,,,,,,,,,,,,,,,,,,,9.0,36.0,,,
2012-10-06,,,,,,,,,,,,,,,,,,,,,,,,,,,,,,,,,,,,,,,,11.0,43.0,,,
2012-10-07,,,,,,,,,,,,,,,,,,,,,,,,,,,,,,,,,,,,,,,,27.0,49.0,,,
2012-10-08,,,,,,,,,,,,,,,,,,,,,,,,,,,,,,,,,,,,,,,,27.0,,,,
2012-10-11,,,,,,,,,,,,,,,,,,,,,,,,,,,,,,,,,,,,,,,,,,,31.0,
2012-10-12,,,,,,,,,,,,,,,,,,,,,,,,,,,,,,,,,,,,,,,,,,,63.0,
2012-10-13,,,,,,,,,,,,,,,,,,,,,,,,,,,,,,,,,,,,,,,,,,,100.0,
2012-10-14,,,,,,,,,,,,,,,,,,,,,,,,,,,,,,,,,,,,,,,,,,,78.0,
2012-10-15,,,,,,,,,,,,,,,,,,,,,,,,,,,,,,,,,,,,,,,,,,,46.0,
2012-10-16,,,,,,,,,,,,,,,,,,,,,,,,,,,,,,,,,,,,,,,,,,,27.0,
2012-10-17,,,,,,,,,,,,,,,,,,,,,,,,,,,,,,,,,,,,,,,,,,,25.0,
2012-10-18,,,,,,,,,,,,,,,,,,,,,,,,,,,,,,,,,,,,,,,,,,,31.0,
2012-10-19,,,,,,,,,,,,,,,,,,,,,,,,,,,,,,,,,,,,,,,,,,,42.0,
2012-10-20,,,,,,,,,,,,,,,,,,,,,,,,,,,,,,,,,,,,,,,,,,,66.0,
2012-10-21,,,,,,,,,,,,,,,,,,,,,,,,,,,,,,,,,,,,,,,,,,,67.0,
2012-10-22,,,,,,,,,,,,,,,,,,,,,,,,,,,,,,,,,,,,,,,,,,,32.0,
2012-10-23,,,,,,,,,,,,,,,,,,,,,,,,,,,,,,,,,,,,,,,,,,,22.0,
2012-10-24,,,,,,,,,,,,,,,,,,,,,,,,,,,,,,,,,,,,,,,,,,,23.0,
2012-10-25,,,,,,,,,,,,,,,,,,,,,,,,,,,,,,,,,,,,,,,,,,,22.0,
2012-10-26,,,,,,,,,,,,,,,,,,,,,,,,,,,,,,,,,,,,,,,,,,,34.0,
2012-10-27,,,,,,,,,,,,,,,,,,,,,,,,,,,,,,,,,,,,,,,,,,,45.0,
2012-10-28,,,,,,,,,,,,,,,,,,,,,,,,,,,,,,,,,,,,,,,,,,,44.0,
2012-10-29,,,,,,,,,,,,,,,,,,,,,,,,,,,,,,,,,,,,,,,,,,,21.0,
2012-10-30,,,,,,,,,,,,,,,,,,,,,,,,,,,,,,,,,,,,,,,,,,,14.0,
2012-10-31,,,,,,,,,,,,,,,,,,,,,,,,,,,,,,,,,,,,,,,,,,,17.0,
2012-11-01,,,,,,,,,,,,,,,,,,,,,,,,,,,,,,,,,,,,,,,,,,,17.0,
2012-11-02,,,,,,,,,,,,,,,,,,,,,,,,,,,,,,,,,,,,,,,,,,96.0,27.0,
2012-11-03,,,,,,,,,,,,,,,,,,,,,,,,,,,,,,,,,,,,,,,,,,100.0,46.0,
2012-11-04,,,,,,,,,,,,,,,,,,,,,,,,,,,,,,,,,,,,,,,,,,91.0,37.0,
2012-11-05,,,,,,,,,,,,,,,,,,,,,,,,,,,,,,,,,,,,,,,,,,75.0,21.0,
2012-11-06,,,,,,,,,,,,,,,,,,,,,,,,,,,,,,,,,,,,,,,,,,64.0,14.0,
2012-11-07,,,,,,,,,,,,,,,,,,,,,,,,,,,,,,,,,,,,,,,,,,65.0,11.0,
2012-11-08,,,,,,,,,,,,,,,,,,,,,,,,,,,,,,,,,,,,,,,,,,80.0,14.0,
2012-11-09,,,,,,,,,,,,,,,,,,,,,,,,,,,,,,,,,,,,,,,,,,74.0,16.0,
2012-11-10,,,,,,,,,,,,,,,,,,,,,,,,,,,,,,,,,,,,,,,,,,79.0,29.0,
2012-11-11,,,,,,,,,,,,,,,,,,,,,,,,,,,,,,,,,,,,,,,,,,85.0,34.0,
2012-11-12,,,,,,,,,,,,,,,,,,,,,,,,,,,,,,,,,,,,,,,,,,77.0,,
2012-11-13,,,,,,,,,,,,,,,,,,,,,,,,,,,,,,,,,,,,,,,,,,65.0,,
2012-11-14,,,,,,,,,,,,,,,,,,,,,,,,,,,,,,,,,,,,,,,,,,61.0,,
2012-11-15,,,,,,,,,,,,,,,,,,,,,,,,,,,,,,,,,,,,,,,,,,67.0,,
2012-11-16,,,,,,,,,,,,,,,,,,,,,,,,,,,,,,,,,,,,,,,,,,66.0,,
2012-11-17,,,,,,,,,,,,,,,,,,,,,,,,,,,,,,,,,,,,,,,,,,76.0,,
2012-11-18,,,,,,,,,,,,,,,,,,,,,,,,,,,,,,,,,,,,,,,,,,68.0,,
2012-11-19,,,,,,,,,,,,,,,,,,,,,,,,,,,,,,,,,,,,,,,,,,63.0,,
2012-11-20,,,,,,,,,,,,,,,,,,,,,,,,,,,,,,,,,,,,,,,,,,65.0,,
2012-11-21,,,,,,,,,,,,,,,,,,,,,,,,,,,,,,,,,,,,,,,,,,87.0,,
2012-11-22,,,,,,,,,,,,,,,,,,,,,,,,,,,,,,,,,,,,,,,,,,76.0,,
2012-11-23,,,,,,,,,,,,,,,,,,,,,,,,,,,,,,,,,,,,,,,,,,66.0,,
2012-11-24,,,,,,,,,,,,,,,,,,,,,,,,,,,,,,,,,,,,,,,,,,72.0,,
2012-11-25,,,,,,,,,,,,,,,,,,,,,,,,,,,,,,,,,,,,,,,,,,76.0,,
2012-11-26,,,,,,,,,,,,,,,,,,,,,,,,,,,,,,,,,,,,,,,,,,68.0,,
2012-11-27,,,,,,,,,,,,,,,,,,,,,,,,,,,,,,,,,,,,,,,,,,62.0,,
2012-11-28,,,,,,,,,,,,,,,,,,,,,,,,,,,,,,,,,,,,,,,,,,56.0,,
2012-11-29,,,,,,,,,,,,,,,,,,,,,,,,,,,,,,,,,,,,,,,,,,60.0,,
2012-11-30,,,,,,,,,,,,,,,,,,,,,,,,,,,,,,,,,,,,,,,,,,60.0,,
2012-12-01,,,,,,,,,,,,,,,,,,,,,,,,,,,,,,,,,,,,,,,,,,64.0,,
2012-12-02,,,,,,,,,,,,,,,,,,,,,,,,,,,,,,,,,,,,,,,,,,63.0,,
2012-12-25,,,,,,,,,,,,,,,,,,,,,,,,,,,,,,,,,,,,,,,,,,,,84.0
2012-12-26,,,,,,,,,,,,,,,,,,,,,,,,,,,,,,,,,,,,,,,,,,,,100.0
2012-12-27,,,,,,,,,,,,,,,,,,,,,,,,,,,,,,,,,,,,,,,,,,,,77.0
2012-12-28,,,,,,,,,,,,,,,,,,,,,,,,,,,,,,,,,,,,,,,,,,,,71.0
2012-12-29,,,,,,,,,,,,,,,,,,,,,,,,,,,,,,,,,,,,,,,,,,,,73.0
2012-12-30,,,,,,,,,,,,,,,,,,,,,,,,,,,,,,,,,,,,,,,,,,,,68.0
2012-12-31,,,,,,,,,,,,,,,,,,,,,,,,,,,,,,,,,,,,,,,,,,,,54.0
2013-01-01,,,,,,,,,,,,,,,,,,,,,,,,,,,,,,,,,,,,,,,,,,,,50.0
2013-01-02,,,,,,,,,,,,,,,,,,,,,,,,,,,,,,,,,,,,,,,,,,,,46.0
2013-01-03,,,,,,,,,,,,,,,,,,,,,,,,,,,,,,,,,,,,,,,,,,,,34.0
2013-01-04,,,,,,,,,,,,,,,,,,,,,,,,,,,,,,,,,,,,,,,,,,,,37.0
2013-01-05,,,,,,,,,,,,,,,,,,,,,,,,,,,,,,,,,,,,,,,,,,,,46.0
2013-01-06,,,,,,,,,,,,,,,,,,,,,,,,,,,,,,,,,,,,,,,,,,,,48.0
2013-01-07,,,,,,,,,,,,,,,,,,,,,,,,,,,,,,,,,,,,,,,,,,,,35.0
2013-01-08,,,,,,,,,,,,,,,,,,,,,,,,,,,,,,,,,,,,,,,,,,,,26.0
2013-01-09,,,,,,,,,,,,,,,,,,,,,,,,,,,,,,,,,,,,,,,,,,,,30.0
2013-01-10,,,,,,,,,,,,,,,,,,,,,,,,,,,,,,,,,,,,,,,,,,,,27.0
2013-01-11,,,,,,,,,,,,,,,,,,,,,,,,,,,,,,,,,,,,,,,,,,,,28.0
2013-01-12,,,,,,,,,,,,,,,,,,,,,,,,,,,,,,,,,,,,,,,,,,,,41.0
2013-01-13,,,,,,,,,,,,,,,,,,,,,,,,,,,,,,,,,,,,,,,,,,,,31.0
2013-01-14,,,,,,,,,,,,,,,,,,,,,,,,,,,,,,,,,,,,,,,,,,,,36.0
2013-01-15,,,,,,,,,,,,,,,,,,,,,,,,,,,,,,,,,,,,,,,,,,,,21.0
2013-01-16,,,,,,,,,,,,,,,,,,,,,,,,,,,,,,,,,,,,,,,,,,,,19.0
2013-01-17,,,,,,,,,,,,,,,,,,,,,,,,,,,,,,,,,,,,,,,,,,,,16.0
2013-01-18,,,,,,,,,,,,,,,,,,,,,,,,,,,,,,,,,,,,,,,,,,,,18.0
2013-01-19,,,,,,,,,,,,,,,,,,,,,,,,,,,,,,,,,,,,,,,,,,,,30.0
2013-01-20,,,,,,,,,,,,,,,,,,,,,,,,,,,,,,,,,,,,,,,,,,,,29.0
2013-01-21,,,,,,,,,,,,,,,,,,,,,,,,,,,,,,,,,,,,,,,,,,,,23.0
2013-01-22,,,,,,,,,,,,,,,,,,,,,,,,,,,,,,,,,,,,,,,,,,,,15.0
2013-01-23,,,,,,,,,,,,,,,,,,,,,,,,,,,,,,,,,,,,,,,,,,,,12.0
2013-01-24,,,,,,,,,,,,,,,,,,,,,,,,,,,,,,,,,,,,,,,,,,,,11.0
2013-01-25,,,,,,,,,,,,,,,,,,,,,,,,,,,,,,,,,,,,,,,,,,,,13.0
